"id","question","answer"
1,"Quel film a remporté l’Oscar du meilleur film en 2020 ?","Parasite"
2,"Qui joue le rôle de Neo dans la saga Matrix ?","Keanu Reeves"
3,"Dans quel film de 1941 Orson Welles incarne-t-il Charles Foster Kane ?","Citizen Kane"
4,"Quel est le prénom du personnage principal dans 'Le Fabuleux Destin d’Amélie Poulain' ?","Amélie"
5,"Quel réalisateur a signé 'Pulp Fiction' ?","Quentin Tarantino"
6,"Dans 'Titanic', comment s’appelle le personnage joué par Leonardo DiCaprio ?","Jack Dawson"
7,"Quel film d’animation Pixar met en scène une famille de super-héros ?","Les Indestructibles"
8,"Dans quel film de 2014 Matthew McConaughey voyage-t-il à travers un trou de ver ?","Interstellar"
9,"Quel est le nom du robot dans 'Wall-E' ?","Wall-E"
10,"Qui a réalisé 'La Dolce Vita' ?","Federico Fellini"
11,"Dans quel film de 1972 Marlon Brando incarne-t-il Don Vito Corleone ?","Le Parrain"
12,"Quel est le nom du personnage principal dans la saga 'Indiana Jones' ?","Indiana Jones"
13,"Dans 'Retour vers le futur', comment s’appelle la machine à voyager dans le temps ?","La DeLorean"
14,"Quel film de 1999 met en scène un garçon qui voit des morts ?","Sixième Sens"
15,"Qui incarne le Joker dans 'The Dark Knight' ?","Heath Ledger"
16,"Dans 'Forrest Gump', quel sport pratique le héros à l’université ?","Le football américain"
17,"Quel réalisateur japonais a signé 'Le Voyage de Chihiro' ?","Hayao Miyazaki"
18,"Dans 'La La Land', qui joue le rôle de Mia ?","Emma Stone"
19,"Quel film de 1977 a lancé la saga Star Wars ?","Star Wars : Un nouvel espoir"
20,"Quel est le nom du clown maléfique dans 'Ça' ?","Pennywise"
21,"Dans 'Inception', quel objet permet à Cobb de savoir s’il rêve ?","Une toupie"
22,"Quel film français de 2008 raconte l’histoire d’un policier infiltré dans la mafia marseillaise ?","Mesrine"
23,"Dans 'Shining', quel est le prénom du fils de Jack Torrance ?","Danny"
24,"Quel réalisateur a signé 'Fight Club' ?","David Fincher"
25,"Dans 'Le Seigneur des Anneaux', qui joue Frodon Sacquet ?","Elijah Wood"
26,"Dans 'La Haine', quel acteur incarne Vinz ?","Vincent Cassel"
27,"Quel film d’animation de 1994 raconte l’histoire de Simba ?","Le Roi Lion"
28,"Quel est le nom du vaisseau dans 'Alien' ?","Nostromo"
31,"Dans 'Blade Runner', qui joue Rick Deckard ?","Harrison Ford"
32,"Quel film de 2017 a pour héros un super-héros africain ?","Black Panther"
33,"Dans 'E.T.', que veut dire E.T. ?","Extra-Terrestre"
34,"Quel est le nom de la princesse dans 'La Belle au bois dormant' ?","Aurore"
35,"Dans 'Le Grand Bleu', qui joue Jacques Mayol ?","Jean-Marc Barr"
36,"Quel film de 1985 met en scène un professeur excentrique et un adolescent voyageant dans le temps ?","Retour vers le futur"
37,"Dans 'Le Cinquième Élément', quel acteur incarne Korben Dallas ?","Bruce Willis"
38,"Quel est le nom du tueur dans 'Halloween' ?","Michael Myers"
39,"Dans 'Jurassic Park', qui est le créateur du parc ?","John Hammond"
40,"Quel film de 2016 met en scène un super-héros qui brise le quatrième mur ?","Deadpool"
41,"Dans 'Le Parrain', quel est le prénom du fils de Vito Corleone qui prend la relève ?","Michael"
42,"Quel film d’animation japonais raconte l’histoire d’une fillette dans un monde de sorcières ?","Kiki la petite sorcière"
43,"Dans 'Gladiator', qui incarne Maximus ?","Russell Crowe"
44,"Quel film de 2009 met en scène des créatures bleues sur la planète Pandora ?","Avatar"
45,"Dans 'Le Fabuleux Destin d’Amélie Poulain', quel objet Amélie retrouve-t-elle dans sa salle de bain ?","Une boîte à souvenirs"
46,"Quel est le nom du détective dans 'Chinatown' ?","Jake Gittes"
47,"Dans 'Le Bon, la Brute et le Truand', qui joue Blondin (The Good) ?","Clint Eastwood"
48,"Quel film de 2014 raconte l’histoire d’un batteur de jazz et de son professeur tyrannique ?","Whiplash"
49,"Dans 'La Ligne verte', quel est le don de John Coffey ?","Il guérit les gens"
50,"Quel réalisateur a signé 'Old Boy' ?","Park Chan-wook"
51,"Dans 'Les Enfants du Paradis', comment s’appelle le mime ?","Baptiste"
52,"Dans 'Le Septième Sceau', quel jeu le chevalier joue-t-il avec la Mort ?","Échecs"
53,"Quel film de 2001 met en scène un homme qui perd la mémoire à court terme ?","Memento"
55,"Quel film de 2019 met en scène un clown dépressif à Gotham City ?","Joker"
56,"Dans 'Le Labyrinthe de Pan', qui a réalisé le film ?","Guillermo del Toro"
57,"Dans 'La Liste de Schindler', qui incarne Oskar Schindler ?","Liam Neeson"
58,"Quel film de 1998 met en scène un soldat recherché après le Débarquement ?","Il faut sauver le soldat Ryan"
59,"Dans 'Shrek', quel animal est le compagnon du héros ?","Un âne"
60,"Dans 'Les Bronzés font du ski', quel est le prénom du personnage joué par Michel Blanc ?","Jean-Claude"
61,"Quel film d’animation Pixar met en scène des émotions personnifiées ?","Vice-Versa"
62,"Dans 'La Môme', qui incarne Édith Piaf ?","Marion Cotillard"
63,"Dans 'Le Lauréat', quelle chanson de Simon & Garfunkel est célèbre ?","Mrs. Robinson"
64,"Quel film de 1982 met en scène un extraterrestre et un jeune garçon ?","E.T. l’extra-terrestre"
65,"Dans 'La Vie est belle' de Roberto Benigni, quel est le prénom du personnage principal ?","Guido"
66,"Quel film a pour slogan 'Dans l’espace, personne ne vous entend crier' ?","Alien"
321,"Qui a la rage au ventre?","Jake Gyllenhaal"
322,"Dans le film Thelma et Louise, quelles actrices incarnent ce duo iconique ?","Susan Sarandon et Geena Davis"
69,"Dans 'La Cité de la peur', quel est le nom du tueur ?","Emile"
70,"Dans 'The Social Network', qui incarne Mark Zuckerberg ?","Jesse Eisenberg"
323,"quel est le titre du passionnant film d'horreur sorti en 2013 avec Norman (le pedo) ?","Pas très normale activité"
54,"Qui a réalisé le film 'Les Oiseaux' ?","Alfred Hitchcock"
492,"Quel est le nom de l'antagoniste du film ""Se7en (1995)""?","John Doe"
493,"Comment s'appelle le réalisateur de ""Z (1969)""?","Costa-Gavras"
581,"De qui le film ""The Apprentice"" raconte l'histoire ?","Donald Trump"
324,"Quelle actrice s’est rasé la tête pour le film “À armes égales” de Ridley Scott ?","Demi Moore"
73,"Dans 'La Folie des grandeurs', qui joue Don Salluste ?","Louis de Funès"
74,"Quel film de 2015 met en scène un robot nommé Ava ?","Ex Machina"
75,"Dans 'La Reine des neiges', quel est le prénom de la sœur d’Elsa ?","Anna"
76,"Dans 'Le Prestige', qui joue le magicien rival de Christian Bale ?","Hugh Jackman"
77,"Dans 'La Guerre des étoiles', qui est le père de Luke Skywalker ?","Darth Vader"
78,"Dans 'Les Demoiselles de Rochefort', qui sont les deux actrices principales ?","Catherine Deneuve et Françoise Dorléac"
79,"Dans '2001, l’Odyssée de l’espace', quel est le nom de l’ordinateur ?","HAL 9000"
80,"Dans 'Le Parrain 2', quel acteur joue le jeune Vito Corleone ?","Robert De Niro"
81,"Dans 'Grease', quel est le prénom du personnage joué par Olivia Newton-John ?","Sandy"
82,"Dans 'Les Tontons flingueurs', qui joue Fernand Naudin ?","Lino Ventura"
83,"Dans 'La Belle et la Bête' (Disney), quel est le prénom de l’héroïne ?","Belle"
84,"Dans 'The Truman Show', qui joue Truman ?","Jim Carrey"
85,"Dans 'Le Parrain', qui incarne Sonny Corleone ?","James Caan"
325,"Qui a réalisé le film “Le bon, la brute et le truand” avec Clint Eastwood et Lee Van Cleef en 1966 ?","Sergio Leone"
87,"Dans 'La Vie d’Adèle', qui joue Adèle ?","Adèle Exarchopoulos"
326,"Quel acteur au visage inexpressif joue dans 500 Days of Summer?","Joseph Gordon-Levitt"
327,"De qui le film  Man on the Moon est-il un biopic, brillamment incarné par Jim Carrey ?","Andy Kaufman"
335,"Quelle est la durée de ""L'Arrivée d'un train en gare de La Ciotat"" de Louis Lumière en 1896?","52 secondes (50s ok)"
91,"Dans 'Le Loup de Wall Street', qui joue Jordan Belfort ?","Leonardo DiCaprio"
382,"Quel est le nom du réalisateur de L'Île aux chiens ?","Wes Anderson."
383,"Dans L'Île aux chiens, quel est le nom du chien principal qui devient le leader du groupe ?","Chief"
95,"Dans 'La La Land', qui joue Sebastian ?","Ryan Gosling"
96,"Dans 'Le Château ambulant', quel est le prénom de la jeune héroïne ?","Sophie"
97,"Dans 'Le Pianiste', qui joue le rôle principal ?","Adrien Brody"
98,"Dans 'Léon', qui joue le tueur à gages ?","Jean Reno"
99,"Dans 'Les Visiteurs', quel est le prénom du personnage joué par Christian Clavier ?","Jacquouille"
100,"Dans 'Le Dîner de cons', qui joue Pierre Brochant ?","Thierry Lhermitte"
101,"Dans 'Le Fabuleux Destin d’Amélie Poulain', quel acteur joue Nino Quincampoix ?","Mathieu Kassovitz"
102,"Dans 'Le Silence des agneaux', qui incarne Hannibal Lecter ?","Anthony Hopkins"
104,"Dans 'Le Roi Lion', quel est le nom du père de Simba ?","Mufasa"
105,"Dans 'Les Gardiens de la Galaxie', quel est le nom de l’arbre qui parle ?","Groot"
106,"Dans 'Le Hobbit', qui joue Bilbon Sacquet ?","Martin Freeman"
107,"Dans 'Harry Potter', quel est le nom du professeur de potions ?","Severus Rogue"
108,"Dans 'La Ligne verte', qui joue Paul Edgecomb ?","Tom Hanks"
109,"Qui a gagné l'oscar du meilleur film en 2024 ?","Anora"
110,"Quel est le seul film réalisé par David Lynch dans lequel il n'apparaît pas au générique ?","Dune"
111,"Quel actrice a remporté le plus de fois l'Oscar de la meilleure actrice ?","Katharine Hepburn"
112,"Quel est le premier film à avoir remporté l'Oscar du Meilleur Film sans avoir été nominé dans aucune autre catégorie ?","The Artist"
103,"Qui a réalisé le film 'La Liste de Schindler' ?","Steven Spielberg"
113,"Quel réalisateur français est connu pour son film ""Les 400 Coups"" ?","François Truffaut"
385,"Quel est le thème principal de L'Histoire de Souleymane ?","L'intégration des jeunes immigrés dans la société française."
115,"Quel est le titre du film italien réalisé par Federico Fellini racontant une semaine de la vie romaine ?","La Dolce Vita"
116,"Qui a réalisé le film français ""La Haine"" sorti en 1995 ?","Mathieu Kassovitz"
117,"Quel film sud-coréen a remporté la Palme d'Or à Cannes en 2019 ?","Parasite"
118,"Dans quel film français Catherine Deneuve joue-t-elle le rôle de Geneviève ?","Les Parapluies de Cherbourg"
119,"Quel est le nom du réalisateur de ""Le Septième Sceau"", célèbre film suédois ?","Ingmar Bergman"
120,"Quel film d'animation japonais raconte l'histoire d'une jeune fille nommée Chihiro ?","Le Voyage de Chihiro"
386,"Qui est le réalisateur de Mektoub My Love ?","Abdellatif Kechiche"
384,"Qui réalise Le Ravissement ?","Iris Kaltenbäck"
123,"Quel est le titre du film français réalisé par Jean-Pierre Jeunet avec Audrey Tautou ?","Le Fabuleux Destin d'Amélie Poulain"
124,"Qui a réalisé ""Le Charme discret de la bourgeoisie"" ?","Luis Buñuel"
387,"A quel personnage de Blade Runner doit-on le très connu ""Tears in rain monologue"" ?","Roy Batty (incarné par Rutger Hauer)"
127,"Dans quel film japonais Toshiro Mifune joue-t-il un guerrier nommé Kikuchiyo ?","Les Sept Samouraïs"
128,"Quel réalisateur français est connu pour ses films expérimentaux comme ""Un Chien Andalou"" ?","Luis Buñuel"
129,"Quel film français raconte l'histoire d'un chef cuisinier et d'un critique gastronomique ?","Le Chef"
130,"Qui a réalisé ""La Grande Illusion"", un classique du cinéma français ?","Jean Renoir"
131,"Quel film sud-coréen raconte l'histoire d'une famille pauvre qui infiltre une famille riche ?","Parasite"
396,"Quel compositeur emblématique a signé la majorité des musiques des films de Spielberg ?","John Williams."
397,"Qui a réalisé Fight Club ?","David Fincher."
134,"Quel film russe met en scène un soldat nommé Ivan dans la Seconde Guerre mondiale ?","Ivan le Terrible"
135,"Qui est le réalisateur de ""Le Samouraï"", film culte français ?","Jean-Pierre Melville"
398,"Quel réalisateur français a signé la trilogie Marius, Fanny et César ?","Marcel Pagnol."
399,"Quel film de Robert Bresson raconte le quotidien d’un âne ?","Au hasard Balthazar."
405,"Quelle est la relation entre les personnages de Tom Cruise et Miles Teller dans Top Gun: Maverick ?","Ils sont mentor et élève, Maverick étant le mentor de Rooster."
328,"Quel célèbre chanteur fait une apparition dans le film Twin Peaks Fire Walk With Me ?","David Bowie"
329,"C'est bizarre il a l'air un peu pédophile ce film.. ça doit être moi, c'est pas comme si le réalisateur avait rencontré sa femme a 15 ans ! Quel film est-ce?","Léon"
330,"je suis un film un peu répétitif ; y'a une marmotte et Bill Murray. Qui suis-je ?","Un Jour Sans Fin"
331,"Je suis le Joker (2019) mais en mieux, et avec Robert de Niro. Qui suis-je ?","The King of Comedy (la valse des pantins)"
142,"Quel est le titre du film français où Marion Cotillard incarne Édith Piaf ?","La Môme"
336,"Qui sont l'homme et la femme du film de Lelouch, en 1966 ?","Jean-Louis Trintignant et Anouk Aimée (jtm)"
144,"Qui a réalisé ""Amélie"", un film français très populaire ?","Jean-Pierre Jeunet"
145,"Dans quel film français Jean Dujardin incarne-t-il un acteur muet ?","The Artist"
146,"Quel film italien raconte la vie d'un boxeur nommé Jake LaMotta ?","Raging Bull"
337,"Dans Cars comment s'appelle le sponsor qui veut absolument McQueen à la fin?","Dinoco"
388,"Dans quel film Al Pacino et Gene Hackman partagent-ils l'affiche ?","Scarecrow (L'épouvantail)"
389,"Comment s’appelle la femme que Travis cherche à retrouver dans Paris, Texas ?","Jane"
390,"Quel mouvement cinématographique a lancé Festen (The Celebration) ?","Le Dogme95"
391,"Qui est Jack dans le court métrage de David Lynch, What Did Jack Do ?","Un singe"
400,"Quel réalisateur est connu pour  Oldboy et Lady Vengeance ?","Park Chan-wook."
153,"Dans quel film français Isabelle Adjani joue-t-elle une femme tourmentée ?","Possession"
401,"Quel film britannique de 2000 raconte l’histoire d’un garçon qui découvre sa passion pour la danse ?","Billy Elliot."
406,"Quel personnage interprète Jake Gyllenhaal dans Zodiac et quel est son rôle dans l'enquête ?","Jake Gyllenhaal interprète Robert Graysmith, un cartooniste du San Francisco Chronicle qui se passionne pour l'enquête sur le tueur du Zodiac."
407,"Quel est le métier de Jef, le personnage incarné par Alain Delon dans Le Samouraï ?","Jef est un tueur à gages."
408,"Quel événement déclenche la terreur dans The Evil Dead ?","Le groupe écoute une vieille cassette contenant des incantations qui réveillent les esprits maléfiques."
409,"Quel style cinématographique caractérise [REC] ?","Le film utilise le style ""found footage"", donnant l'impression d'un reportage authentique filmé en temps réel."
416,"Quel est le nom du film indien de 2022, avec la chanson Naatu Naatu ?","RRR."
160,"Qui a réalisé ""La Nuit américaine"", un film français sur le tournage d'un film ?","François Truffaut"
161,"Quel réalisateur français a signé ""Le Mépris"" avec Brigitte Bardot ?","Jean-Luc Godard"
162,"Dans quel film italien Vittorio De Sica raconte-t-il la misère d'un père et de son fils à Rome ?","Le Voleur de bicyclette"
163,"Qui incarne le commissaire Maigret dans le film ""Maigret tend un piège"" (1958) ?","Jean Gabin"
164,"Quel film britannique de 1996, réalisé par Danny Boyle, suit un groupe de jeunes Écossais ?","Trainspotting"
165,"Dans ""Rashômon"", qui a réalisé ce classique du cinéma japonais ?","Akira Kurosawa"
417,"Dans quel film indien de 2008 un jeune homme issu des bidonvilles participe à un jeu télévisé ?","Slumdog Millionaire."
167,"Qui tient le rôle principal dans ""Le Cercle rouge"" de Jean-Pierre Melville ?","Alain Delon"
418,"Dans quel film de 2008 un jeune homme issu des bidonvilles de Juhu en Inde participe à un jeu télévisé ?","Slumdog Millionaire."
419,"Quel film a ruiné le réalisateur Jacques Tati, le forçant à hypothéquer sa maison bien que dorénavant considéré comme son chef d'oeuvre?","PlayTime"
170,"Dans ""Old Boy"", qui incarne le personnage principal emprisonné pendant 15 ans ?","Choi Min-sik"
420,"Comment s'appelle la première réalisatrice de l'histoire, ayant fait notamment ""La fée aux choux"" à la fin du 19ème siècle ?","Alice Guy"
172,"Qui a réalisé ""La Règle du jeu"", considéré comme un chef-d'œuvre du cinéma français ?","Jean Renoir"
173,"Dans quel film italien Roberto Benigni joue-t-il un père déporté avec son fils ?","La Vie est belle"
421,"Dans le film Babe, quel est le rêve du petit cochon ?","Devenir un chien de berger."
422,"Dans Magnolia, quel phénomène météorologique inhabituel survient ?","Une pluie de grenouilles."
176,"Quel réalisateur coréen a signé le thriller ""Memories of Murder"" ?","Bong Joon-ho"
177,"Dans quel film français de 1970 Catherine Deneuve partage l'affiche avec Marcello Mastroianni ?","Peau d'âne"
436,"Combien de temps Ripley a-t-elle passé en sommeil cryogénique entre Alien et Aliens ?","Ripley a passé 57 ans en sommeil cryogénique avant de se réveiller dans Aliens."
179,"Dans ""La Grande Vadrouille"", qui partage la vedette avec Louis de Funès ?","Bourvil"
441,"Quel film d’animation belge de 2016, réalisé par Michael Dudok de Wit, a été coproduit avec le Studio Ghibli ?","La Tortue rouge"
181,"Dans quel film japonais un samouraï aveugle est le héros ?","Zatoichi"
442,"Dans Le Roi et l’Oiseau, qui est l’auteur du scénario et des dialogues ?","Jacques Prévert"
443,"Quel film d’animation de Michel Ocelot se déroule en Afrique et raconte l’histoire d’un enfant minuscule ?","Kirikou et la Sorcière"
444,"Quel film d’animation en stop-motion sorti en 2016, raconte l’histoire d’un garçon dans un foyer après la disparition de sa mère ?","Ma vie de Courgette"
445,"Quel film d’animation de 2022, réalisé par Alain Ughetto, revient sur l’histoire des immigrés italiens en France ?","Interdit aux chiens et aux Italiens"
186,"Dans ""Un prophète"", qui incarne le jeune détenu Malik ?","Tahar Rahim"
446,"Quel réalisateur allemand est célèbre pour M (1931), un thriller sur un tueur d’enfants ?","Fritz Lang"
190,"Dans ""Le Salaire de la peur"", qui joue le rôle de Mario ?","Yves Montand"
191,"Quel film japonais de 1954 met en scène des paysans recrutant des guerriers pour se défendre ?","Les Sept Samouraïs"
196,"Dans quel film suédois de 1957 un chevalier joue aux échecs avec la Mort ?","Le Septième Sceau"
197,"Quel film français de 1990 met en scène un tueur à gages taciturne et une jeune femme ?","Nikita"
198,"Qui réalise ""La Nuit américaine"", film sur le tournage d'un film ?","François Truffaut"
199,"Dans quel film italien Sophia Loren incarne une mère durant la Seconde Guerre mondiale ?","La Ciociara"
200,"Quel film allemand de 2003 raconte la vie d'une famille à Berlin-Est avant la chute du Mur ?","Good Bye, Lenin!"
201,"Dans ""Le Samouraï"", qui incarne Jef Costello ?","Alain Delon"
202,"Dans quel film britannique de 1964 Julie Andrews incarne une nounou magique ?","Mary Poppins"
203,"Quel film italien de Giuseppe Tornatore rend hommage à l'amour du cinéma ?","Cinema Paradiso"
204,"Dans ""Le Dîner de cons"", qui joue François Pignon ?","Jacques Villeret"
332,"Quel est le premier long métrage d’animation des studios Pixar ?","Toy Story"
206,"Dans quel film français Jean Dujardin incarne un agent secret des années 50 ?","OSS 117 : Le Caire, nid d'espions"
207,"Quel film japonais de 2018 de Hirokazu Kore-eda a remporté la Palme d'Or ?","Une affaire de famille"
208,"Pour quelle agence gouvernementale Ethan Hunt travaille-t-il dans la saga cinématographique “Mission : Impossible” ?","IMF"
209,"En plus d’Emmanuelle Béart, quel acteur français joue dans le premier volet de la saga “Mission impossible” (1996) ?","Jean Reno"
211,"En 1998, quel cinéaste est fou de joie de recevoir un prix et se prosterne devant Martin Scorsese, le président du jury pour lui baiser les pieds ?","Roberto Benigni"
212,"Avec quel film Quentin Tarantino reçoit-il la Palme d’or du festival de Cannes ?","Pulp Fiction"
213,"Quel acteur retrouve-t-on à plusieurs reprises dans les réalisations de David Lynch ?","Kyle MacLachlan"
214,"Dans la série de David Lynch Twin Peaks, quel est le nom de la lycéenne tuée au cœur de l'intrigue ?","Laura Palmer"
215,"Quel film de David Lynch a reçu la Palme d'or au Festival de Cannes ?","Sailor et Lula (Wild at Heart)"
216,"Quelle actrice tient le rôle de la femme de Sam, joué par Robert De Niro, dans le film de Martin Scorsese “Casino” ?","Sharon Stone"
217,"Pour quel film, Robert De Niro remporte-t-il l’Oscar du meilleur acteur dans un second rôle en 1975 ?","La Parrain 2"
210,"Quels accessoires sont couramment utilisés dans les films ""Mission : impossible"" ?","Des masques"
218,"Quel est le surnom du réalisateur Alfred Hitchcock ?","Le maitre du suspens"
219,"Quel film d’Alfred Hitchcock se déroule dans la petite ville de Bodega Bay ?","Les oiseaux"
221,"Quel réalisateur asiatique a réalisé le film ""A City of Sadness"" ?","Hou Hsiao-Hsien"
222,"Quel célèbre musicien a composé la BO du film Ascenseur pour l’échafaud, réalisé par Louis Malle en 1958 ?","Miles Davis"
223,"Qui a réalisé ""Le Gendarme de Saint-Tropez"" en 1959, un film français souvent méconnu du grand public mais qui est resté un classique du cinéma comique ?","Jean Girault"
338,"Dans Dog Day Afternoon, quel est le motif personnel qui pousse Sonny Wortzik (incarné par Al Pacino) à braquer une banque à Brooklyn ?","Financer l’opération de changement de sexe de son compagnon, Leon Shermer"
339,"Dans Top Gun, quel est le surnom du personnage principal, interprété par Tom Cruise ?","Le surnom du personnage principal, Maverick, est Pete ""Maverick"" Mitchell"
392,"Quel est le thème central du film Requim pour un massacre (Come and See) ?","L’horreur et la dévastation de la guerre vues à travers les yeux d’un enfant."
227,"Dans quel film de 1982, réalisé par Andrei Tarkovsky, un scientifique part à la recherche d'un artefact mystérieux dans une zone interdite ?","Stalker"
393,"Comment le personnage de DiCaprio se protège-t-il du froid extrême dans The Revenant ?","Il ouvre le ventre d’un cheval mort et se glisse à l’intérieur pour se réchauffer et éviter l’hypothermie."
402,"Quelles sont les deux actrices incarnant le personnage de Furiosa dans Mad Max Fury Road et Furiosa ?","Charlize Théron et Anya Taylor-Joy"
410,"Quelle est la principale mission de Maverick dans Top Gun: Maverick ?","Maverick doit entraîner une nouvelle génération de pilotes ."
423,"Dans quel film trouve-t-on le personnage de Tyler Durden ?","Fight Club"
234,"Quel film français de 1965, réalisé par Jacques Demy, est un mélange de comédie musicale et de tragédie, avec des personnages qui évoluent dans une ambiance presque onirique ?","Les Parapluies de Cherbourg"
424,"Quel film muet allemand de 1927, réalisé par Fritz Lang, a marqué la science-fiction par sa vision futuriste de la ville ?","Metropolis"
425,"Quel est le seul film réalisé par Charles Laughton, devenu un classique du cinéma ?","La Nuit du chasseur"
237,"Quel film russe de 1989 réalisé par Andrei Tarkovsky est une réflexion poétique sur la mémoire et la solitude dans l'univers post-soviétique ?","Le Sacrifice"
426,"Quel est le nom du film réalisé par Spike Lee en 1989, nommé pour le meilleur scénario aux Oscars ?","Do the Right Thing"
427,"Dans The Truman Show, quelle est la ville dans laquelle vit Truman ?","Seahaven"
428,"Qui est le réalisateur du Cuirassé Potemkine ?","Sergei Eisenstein"
437,"Quelle est la transformation de Cady Heron dans Mean Girls ?","Cady passe d'une fille timide et naïve à une manipulatrice pour s'intégrer dans le groupe des ""Plastics""."
447,"Quel film muet de Charlie Chaplin met en scène le personnage du Vagabond ?","Le Kid"
448,"Quel film musical de 1961 réalisé par Robert Wise se déroule à Broadway ?","West Side Story"
449,"Quel film de 1961 avec Audrey Hepburn se déroule à New York ?","Diamants sur canapé (Breakfast at Tiffany’s)"
231,"Dans quel film japonais de 1959, réalisé par Yasujirō Ozu, une famille se confronte à l'isolement émotionnel et à la vieillesse de ses membres ?","Late Spring"
450,"Quel film de Jean Renoir, sorti en 1937, est une œuvre majeure sur la Première Guerre mondiale et l’humanité entre prisonniers ?","La Grande Illusion"
451,"Quel acteur joue le rôle principal dans Le Samouraï (1967) de Jean-Pierre Melville ?","Alain Delon"
452,"Quel film de 1969 d’Éric Rohmer fait partie de la série Contes moraux ?","Ma Nuit chez Maud"
453,"Quel film français réalisé par Céline Sciamma est sorti en 2019 ?","Portrait de la jeune fille en feu"
454,"Quel film français réalisé par Guillaume Canet, sorti en 2010, suit un groupe d'amis en vacances au Cap Ferret ?","Les Petits Mouchoirs"
455,"Quel film français de 1949, premier long-métrage de Jacques Tati, met en scène un facteur maladroit dans un village rural ?","Jour de fête"
456,"Quel film de François Truffaut de 1959 est un portrait semi-autobiographique de l’enfance ?","Les 400 Coups"
333,"Quel film français avec John Malkovich sortira en 2115 ?","100 Years : The Movie You Will Never See"
340,"Dans No Country for Old Men, quel objet symbolise la violence omniprésente dans le film ?","Le pistolet à air comprimé utilisé par Anton Chigurh"
247,"Quel film soviétique de 1957, réalisé par Andrei Tarkovsky, explore les thèmes de la foi et de la quête spirituelle dans une campagne dévastée ?","Le Miroir"
249,"Quel réalisateur américain a signé ""Memento"" (2000), un thriller complexe qui joue avec la narration et le temps dans une quête de vengeance ?","Christopher Nolan"
341,"Dans Killers of the Flower Moon, qui est le principal meurtrier des Osages ?","William Hale (l'oncle)"
251,"Quel film de 2009 réalisé par Lars von Trier est un film psychologique et dramatique qui met en scène une femme qui se trouve confrontée à une crise personnelle ?","Antichrist"
342,"Dans Pierrot le Fou, quel est le nom du personnage joué par Jean-Paul Belmondo ?","Ferdinand Griffon"
253,"Dans quel film de 1972, réalisé par Werner Herzog, un explorateur est obsédé par la recherche d'une mine d'or au cœur de l'Amazonie ?","Aguirre, la colère de Dieu"
343,"Qui est l'antagoniste principal dans Mad Max: Fury Road ?","Immortan Joe, le tyran qui contrôle l'eau et le carburant."
344,"Quel est le rôle principal du personnage de Furiosa dans Furiosa ?","Furiosa cherche à s'évader du tyran Immortan Joe pour sauver les femmes opprimées."
345,"Quelle phrase célèbre Jack Nicholson dit-il dans The Shining ?","""Here's Johnny!"""
346,"Quel acteur joue le rôle principal dans Eyes Wide Shut ?","Tom Cruise."
260,"Quel réalisateur de cinéma expérimental américain, actif dans les années 60 et 70, est l'auteur du film ""The Flicker"" ?","Tony Conrad"
262,"Dans quel film de 1994, le réalisateur David Fincher met-il en scène une histoire de crime qui va au-delà de l'apparence et de la morale ?,","Se7en"
263,"Quel film expérimental de 1966 réalisé par Claude Lanzmann raconte l'épreuve des victimes du nazisme à travers des témoignages et des interviews ?","Shoah"
264,"Quel réalisateur coréen a réalisé ""Oldboy"" (2003), un film où la quête de vengeance mène à une terrible vérité ?","Park Chan-wook"
265,"Dans le film de 2002, réalisé par Hirokazu Kore-eda, quelle tragédie frappe une famille dysfonctionnelle ? ","Nobody Knows"
347,"Dans Barry Lyndon, quel est le nom du personnage principal ?","Redmond Barry."
348,"Dans Mad Max, pourquoi Max décide-t-il de quitter la police ?","Max quitte la police après la mort de sa famille, tuée par des motards"
349,"Quel est l'objectif principal de Max dans Mad Max 2 ?","Max cherche à obtenir du carburant pour pouvoir survivre dans un monde post-apocalyptique"
350,"De quoi parle Dr. Strangelove ?","C’est une satire de la guerre froide, centrée sur un général américain qui déclenche accidentellement une attaque nucléaire."
351,"Qui interprète le rôle de Alex DeLarge dans A Clockwork Orange ?","Malcolm McDowell."
352,"Qui incarne le personnage du sergent Hartman dans Full Metal Jacket ?","R. Lee Ermey."
353,"Quel est le rôle de Kirk Douglas dans Paths of Glory ?","Il joue le rôle du colonel Dax."
354,"Qui dirige L'ultime razzia (The Killing) ?","Stanley Kubrick."
394,"Quel est le surnom de John Wick ?","Baba Yaga"
403,"Qui sont les deux acteurs principaux dans Dog Day Afternoon ?","Al Pacino et John Cazale"
276,"Darren Aronofsky a exploré la conscience humaine dans un thriller psychologique de 1994. Quel est le titre du film ? ","Pi"
404,"Qui sont les deux actrices principales dans Le Portrait de la jeune fille en feu ?","Noémie Merlant et Adèle Haenel"
257,"Quel film mexicain de 2006 réalisé par Guillermo del Toro raconte l'histoire d'un petit garçon qui rêve d'échapper à un monde cruel à travers un fantastique labyrinthique ?","Le Labyrinthe de Pan"
411,"De quel groupe de musique Jonathan Demme a-t-il réalisé un film sur un de leur célèbre concert en 1984?","Talking Heads"
280,"Michael Cimino a réalisé en 1979 un film qui décrit les horreurs de la guerre du Vietnam. Quel est le titre de ce film ? ","Voyage au bout de l'enfer"
412,"""snif snif.... hitler est mort... 😢 "" quel réalisateur suis-je ?","Ingmar Bergman"
413,"Quel réalisateur mythique d'Hollywood joue-t-il son propre rôle dans le film Sunset Boulevard (1960) ?","Cecil B. DeMille"
414,"Quel réalisateur a été interdit de tourner des films puis emprisonné dans son pays d'origine, tournant malgré tout des films et réalisant une grève de la faim avant d'être libéré en 2023?","Jafar Panahi"
248,"Dans quel film brésilien de 2002, réalisé par Fernando Meirelles, des enfants orphelins survivent dans un bidonville de Rio de Janeiro ?","Cidade de Deus"
415,"Quel compositeur de musique est associé à presque toutes les productions du réalisateur Tim Burton ?","Danny Elfman"
429,"Quel personnage de Once Upon a Time... in Hollywood est inspiré d'un acteur réel ?","Le personnage de Cliff Booth, incarné par Brad Pitt, s'inspire d'un acteur de l'époque."
430,"Combien de temps dure le film Satantango ?","Le film dure environ 7 heures et 30 minutes, racontant une histoire complexe en plusieurs segments."
431,"Quelle est la principale menace dans Jaws ?","Un grand requin blanc terrorise les habitants et les touristes d'une petite ville balnéaire."
432,"Quelle transformation subit Ash dans Evil Dead 2 ?","Ash perd sa main, qu'il remplace par une tronçonneuse, symbolisant sa lutte contre les démons."
433,"Quel est le thème principal exploré dans The Handmaiden ?","Le film explore la manipulation, la trahison et la sexualité."
434,"Quel est le secret derrière l'identité de la comtesse dans The Handmaiden ?","Elle cache sa véritable identité pour tromper sa tutrice et récupérer l'héritage familial."
435,"Quelle est la relation entre Sook-hee et la comtesse ?","Sook-hee est une arnaqueuse qui se fait passer pour une servante pour manipuler la comtesse."
438,"Quel est le nom du caméléon dans le film d’animation western réalisé par Gore Verbinski en 2011 ?","Rango"
439,"Quel film d’animation franco-iranien en noir et blanc retrace l’enfance d’une jeune fille pendant la révolution islamique ?","Persepolis"
440,"Quel studio japonais a produit Ghost in the Shell (1995) ?","Production I.G"
457,"Quel film de Claude Chabrol suit l’enquête autour d’un meurtre dans une famille bourgeoise ?","La Femme infidèle"
458,"Quel film d’Henri-Georges Clouzot de 1953 est un thriller psychologique ?","Le Salaire de la peur"
284,"Andrei Tarkovsky a exploré la mémoire et les visions intérieures d’un homme dans son film de 1984. Quel est le titre de ce film ? ","Nostalgia"
285,"François Truffaut a réalisé un film en 1961 sur un jeune homme à la recherche de son identité dans une société en pleine mutation. Quel est ce film ? ","Fahrenheit 451"
286,"Jean Cocteau a créé une version cinématographique de son poème ""La Belle et la Bête"" en 1946. Comment s’intitule ce chef-d’œuvre ? ","La Belle et la Bête"
334,"Dans La Nuit du chasseur, quel mots sont tatoués sur les doigts de Robert Mitchum ?","LOVE et HATE"
356,"Quel prix a remporté Shoplifters au Festival de Cannes ?","La Palme d'Or."
355,"Qui est le réalisateur de Monster (L'innocence) ?","Kore-eda Hirokazu."
357,"Qui est Joe Hisaishi ?","Un compositeur japonais"
358,"Qui interprète le rôle de Carlito Brigante dans Carlito's Way ?","Al Pacino."
293,"Hayao Miyazaki a réalisé en 1990 un film d’animation où une jeune fille surmonte des épreuves pour sauver un monde magique. Quel est le nom du film ? ","Nausicaä de la vallée du vent"
294,"Lars von Trier a dirigé en 2000 un film où Björk interprète une immigrée aveugle. Quel est le titre du film ? ","Dancer in the Dark"
295,"Jean-Luc Godard a réalisé en 1960 un film sur une romance tragique. Quel est le titre de ce film emblématique ? ","Vivre sa vie"
359,"Quel est le nom de la mère de Carrie, un personnage joué par Piper Laurie ?","Margaret White."
360,"Quel est le film avec les bagnoles ?","Cars"
298,"Ingmar Bergman a réalisé en 1985 un film qui s’attaque à la question du mysticisme et de la souffrance pendant la guerre. Quel est ce film ? ","Le Septième Sceau"
299,"Roman Polanski a réalisé en 1968 un film où une femme enceinte est victime de phénomènes étranges. Quel est le titre ? ","Rosemary’s Baby"
361,"Quel est le nom du personnage joué par Jean Reno dans Mission: Impossible ?","Krieger."
301,"John Carpenter a réalisé en 1982 un film d’horreur où un groupe de chercheurs en Antarctique est confronté à une invasion extraterrestre. Quel est ce film ? ","The Thing"
362,"Dans Scarface, quel est le nom du personnage joué par Michelle Pfeiffer ?","Elvira Hancock."
303,"Akira Kurosawa a réalisé en 1960 un film où un samouraï solitaire se confronte à un monde en mutation. Quel est ce film ? ","Yojimbo"
304,"Stephen Sommers a adapté ""Le Livre de la jungle"" en 1994, avec un jeune garçon perdu dans la jungle indienne. Quel est le titre du film ? ","Le Livre de la jungle"
305,"David Lynch a réalisé en 1997 un film sur une identité floue et une réalité perturbante. Quel est le nom du film ? ","Lost Highway"
363,"Quel est le nom du compositeur et antagoniste du film Phantom of the Paradise ?","Swan."
307,"quel film allemand sorti dans les années 30 est devenu un surnom populaire de Kylian Mbappé ou encore d'Emmanuel Macron ?","M le Maudit"
308,"Quel est le titre du chef d'oeuvre cinématographique sorti en 2022 qui est un film d'horreur poignant mettant en scène des mammifères appartenant à la famille des Felidae mêlés à une catastrophe naturelle liée au vent ?","Catnado"
309,"Sur le tournage de quel film allemand le réalisateur a-t-il menacé son acteur principal avec une arme alors que celui-ci était ingérable et menaçait de quitter le tournage ?","Fitzcarraldo"
310,"A quel film doit-on la présence de Joseph Colombo Sr., qui a un temps bloqué la production puis coopérer avec ?","Le Parrain"
364,"Quel acteur incarne le personnage principal, Aguirre, dans Aguirre, the Wrath of God ?","Klaus Kinski."
312,"Quel est le nom du film réalisé par l'acteur Charles Laughton, sorti en 1955, ayant été un échec commercial bien qu'il soit aujourd'hui unanimement perçu comme un chef d'oeuvre ?","La nuit du chasseur"
313,"Dans 'Rear Window' (Hitchcock - 1954), pourquoi le personnage principal a-t'il un plâtre au debut du film ?","Accident avec un voiture de course en la prenant en photo"
365,"Quel est le principal sujet de Le Requiem pour Katia et Maurice Kraft de Herzog ?","Le film raconte l'histoire des volcanologues Maurice et Katia Kraft, qui ont perdu la vie en filmant une éruption volcanique."
315,"Quelles sont les deux figures majeures de la nouvelle vague taiwanaise ?","Edward Yang et Hou Hsiao-Hsien"
316,"Quel est le surnom du célèbre et apprécié Dwayne Johnson?","The Rock"
317,"Quel acteur présent dans le film Apocalypse Now était constamment complètement éteint sous zipette lors du tournage ?","Dennis Hopper"
318,"Quel est le nom du film d'animation ayant été complètement plagié par Christopher Nolan pour Inception ?","Paprika"
319,"Les musiques du court métrage Anima de Paul Thomas Anderson sont de?","Thom Yorke (Radiohead)"
320,"Quels sont les deux acteurs principaux et rivaux dans le film There Will Be Blood ?","Daniel Day-Lewis et Paul Dano"
366,"Quel est le nom du personnage joué par Chris Evans dans Snowpiercer ?","Curtis Everett."
367,"Quel acteur joue le rôle de l'antagoniste, Sean Ambrose, dans Mission: Impossible 2 ?","Dougray Scott."
368,"Wes Anderson a sorti une série de courts-métrages inspirée des nouvelles d’un écrivain. Lequel ?","Roald Dahl"
369,"Quel est le nom du personnage joué par Philip Seymour Hoffman dans Mission: Impossible 3 ?","Owen Davian."
370,"Quelle est la principale mission de l'équipe dans Mission: Impossible – Ghost Protocol ?","Ils doivent empêcher un terroriste de lancer une attaque nucléaire après avoir été accusés à tort d'une explosion au Kremlin."
371,"Qui est le réalisateur de Mission: Impossible – Fallout ?","Christopher McQuarrie."
372,"Quel est le nom de l'organisation ennemie dans Mission: Impossible – Rogue Nation ?","The Syndicate."
373,"Dans quel film retrouve-t-on Spooky Island ?","Scooby-Doo"
374,"Qui est le réalisateur de Oslo, 31 août ?","Joachim Trier"
375,"Qui réalise His Motorbike, Her Island ?","Nobuhiko Obayashi."
376,"Quel est le rôle de Takeshi Kitano dans Hana-bi ?","Il joue le rôle de Nishi, un ancien policier."
377,"Quel est le surnom du personnage joué par Clint Eastwood dans The Good, the Bad and the Ugly ?","Blondie."
378,"Quel acteur incarne le personnage de ""Manco"" dans For a Few Dollars More ?","Clint Eastwood."
379,"A Fistful of Dollars est le premier film de la trilogie dite ""dollars"". Qui le réalise ?","Sergio Leone."
380,"Qui réalise Le Portrait de la jeune fille en feu ?","Céline Sciamma."
381,"Quel est le rêve de Rupert Pupkin ?","Devenir un humoriste célèbre et passer à la télévision"
459,"Quel film suédois de 1957, réalisé par Ingmar Bergman, explore la foi et le doute à travers une quête spirituelle ?","Le Septième Sceau"
460,"Quel film français de 1952, réalisé par René Clément, raconte la survie de deux enfants en pleine seconde guerre mondiale ?","Jeux interdits"
461,"Quel film iranien de 1997, réalisé par Abbas Kiarostami, est un road movie poétique ?","Le Goût de la cerise"
462,"Quel film japonais de 1953, réalisé par Yasujirō Ozu, est un drame familial sur le passage du temps ?","Voyage à Tokyo"
463,"Quel film de Costa-Gavras, sorti en 1975, traite des procès politiques sous le régime de Vichy ?","Section spéciale"
464,"Quel film américain de 1940, réalisé par John Ford, met en scène l’histoire de la famille Joad durant la Grande Dépression ?","Les Raisins de la colère"
465,"Dans quel pays se déroule principalement l’histoire de Y tu mamá también ?","Mexique"
467,"Quel est le sujet principal de Grizzly Man ?","Le film raconte l’histoire de Timothy Treadwell, un homme qui a vécu parmi les grizzlis avant de tragiquement mourir."
468,"Quelle est la relation entre Wallace et Gromit ?","Wallace est un inventeur, et Gromit, son chien, est son fidèle assistant qui le sauve souvent."
469,"Quel est le cadre principal de Days of Heaven ?","Le film se déroule dans les champs de blé du Texas au début du 20e siècle."
470,"Quel est le rôle d'Erin Brockovich dans le film ?","Erin est une assistante juridique qui lutte contre une entreprise polluante pour obtenir justice pour des familles affectées."
471,"Quel livre de Dostoïevski a inspiré Quatre nuits d’un rêveur ?","Les Nuits blanches"
472,"Dans quoi les protagonistes tombe-t-il dans l'usine dans Rabbi Jacob ?","Il tombe dans un bain de chewing gum"
473,"Quel est le nom de l’esprit qui possède Madeleine dans Vertigo ?","Carlotta Valdes"
474,"Quel est le rêve du personnage principal, Buscapé, dans City of God ?","Il rêve de devenir photographe"
475,"Qui est le personnage principal de Grizzly Man ?","Timothy Treadwell."
476,"Quel est le nom du chien de Wallace ?","Gromit"
477,"Quel est le nom du chef de gang qui terrorise la favela dans City of God ?","Zé Pequeno"
478,"Quel est le nom de la déesse qui guide Chihiro dans Le Voyage de Chihiro ?","Haku"
479,"Quel sort touche Sophie dans Le Château ambulant ?","Elle est transformée en vieille femme par une sorcière"
480,"Quel est le jouet préféré d'Andy dans Toy Story ?","Woody, le cow-boy en peluche"
481,"Quel est le nom du poisson clown qui cherche son fils dans Le Monde de Nemo ?","Marin"
482,"Quel est le super-pouvoir de Violet dans Les Indestructibles ?","Elle peut devenir invisible et créer des champs de force"
483,"Quelle est la principale quête de Miguel dans Coco ?","Il cherche à rencontrer son ancêtre musicien dans le monde des morts"
484,"Quel est le rêve de Rémy dans Ratatouille ?","Devenir un grand chef cuisinier, malgré sa condition de rat"
485,"Quelle est l'origine du groupe des ""Plastics"" dans Mean Girls ?","Les ""Plastics"" sont un groupe de filles populaires qui dictent les règles sociales au lycée"
486,"Quel pouvoir spécial possède John Coffey dans La Ligne verte ?","Il peut guérir les maladies et les blessures en touchant les personnes"
487,"Quel est le secret de Luca et Alberto dans Luca ?","Ils sont des monstres marins qui se transforment en humains lorsqu'ils sont à sec"
488,"Quelle actrice est devenue célèbre grâce à son rôle de Laurie Strode dans la saga de films d'horreurs ""Halloween"" ?","Jamie Lee Curtis"
489,"Qui est le réalisateur du film ""un long dimanche de fiançailles""?","Jean-Pierre Jeunet"
490,"Comment s'appelle le premier film des frères Lumière en 1895?","La sortie de l'usine Lumière"
491,"Hey fun fact 🤣🤣🤣 saviez vous❓️❓️ que l'acteur d'Aragorn🧔🏻‍♀️🗡️ s'est vraiment blessé en tapant dans un casque🤕🥶🙀 et c'est pour ça que son cri a l'air si réel🫣😱 Quel est le nom de cet Acteur?","Viggo Mortensen"
494,"Quel est le métier de Raymond l'ami de Ghost Dog dans ""Ghost Dog: The Way of the Samurai (1999)""?","Vendeur de glaces"
495,"Comment s'appelle le propriétaire de la pizzeria dans ""Do the Right Thing (1989)""?","Salvatore / Sal"
496,"Dans ""The King of Comedy (1982)"" comment s'appelle le presentateur de talk show que Rupert Pupkin poursuit ?","Jerry Langford (Jerry accepté)"
497,"Dans ""Carlito's Way (1993)"" quel est le métier de David Kleinfeld (Sean Penn)?","Avocat"
498,"Quel est le nom du photographe dans ""La cité de dieu / Cidade de Deus (2002)""?","Buscapé-Rocket"
499,"Dans ""Children of Men (2006)"" qu'est-ce qui plonge le monde dans la panique?","Les humains ne peuvent plus procréer"
500,"Quel est le nom de l'organisation pour laquelle travaille Ethan Hunt dans La série de films ""Mission Impossible""?","IMF (Impossible Mission Force)"
501,"Dans Les Huit Salopards, sous quel nom John Ruth est-il appelé par erreur ?","Bob"
502,"Dans quelle série Rick Dalton joue-t-il dans Once Upon a Time… in Hollywood ?","Bounty Law (Chasseur de primes)"
503,"Quel est l'objet central dont la signification reste un mystère dans Citizen Kane ?","Rosebud"
504,"Quel acteur incarne Ken aux côtés de Barbie dans le film éponyme?","Ryan Gosling"
505,"Dans quel film de Joaquin Phoenix tombe amoureux d’une IA?","Her"
506,"Dans quel film Bill Murray revit encore et encore la même journée ?","Groundhog Day"
507,"Quel réalisateur est connu pour ses plans symétriques, ses palettes pastel et style excentrique?","Wes Anderson"
508,"Quel surnom porte Jack dans L’Étrange Noël de monsieur Jack ?","The Pumpkin King"
509,"Dans Le Parrain 2, qui tue la famille de Vito Corleone en Sicile ?","Don Ciccio"
510,"Dans Le Parrain 2, quel événement marque l’enfance de Vito Corleone ?","L’assassinat de sa famille en Sicile"
511,"Quel est le vrai nom de Vito Corleone dans Le Parrain 2 ?","Vito Andolini"
512,"Dans Le Parrain 2, pourquoi Vito Corleone est-il mis à l’isolement à son arrivée aux États-Unis ?","À cause de la variole"
513,"Quel est le prénom de la jeune femme dont Adèle tombe amoureuse ?","Emma"
514,"Quel est le métier de Don Salluste dans La Folie des grandeurs ?","Ministre"
515,"Quel instrument joue Miguel dans Coco ?","Guitare"
516,"Qui a réalisé Nosferatu en 1922 ?","F.W. Murnau"
517,"Quel est le sort qui frappe Sophie dans Le Château ambulant ?","Elle est transformée en vieille femme"
580,"Dans ""Trap"", quel est le nom de scène de la chanteuse ?","Lady Raven"
518,"Quel est le rêve du personnage principal dans Elio ?","Rencontrer des extraterrestres"
519,"Qui a réalisé Un monde sans femmes ?","Guillaume Brac"
520,"Quelle chanson Miguel joue-t-il dans le monde des morts dans Coco ?","Un Poco Loco"
521,"Qui a réalisé The Searchers ?","John Ford"
522,"Comment s’appellent les trois filles dans A Summer’s Tale ?","Margot, Solène, Léna"
523,"Comment s’appelle le chef de la police dans Jaws ?","Brody"
524,"Qui est le chef de l’équipe dans Ocean’s Eleven ?","Danny Ocean"
525,"Qui a réalisé The King and the Mockingbird ?","Paul Grimault"
526,"Qui a réalisé Le Procès de Jeanne d’Arc ?","Robert Bresson"
527,"Quel métier exerce Charles Foster Kane ?","Magnat de la presse"
528,"Quels personnages aide le Mockingbird à fuir le roi ?","Le ramoneur et la bergère"
529,"Quel monde Jack découvre-t-il en quittant Halloween Town ?","Christmas Town"
530,"Qui est la partenaire de fuite de Ferdinand dans ""Pierrot le Fou"" ?","Marianne"
531,"Comment se termine le film ""Pierrot le Fou"" ?","Ferdinand se peint le visage en bleu et se fait sauter avec de la dynamite"
532,"""La Jetée"" est un film principalement composé de quel type d’images ?","Photographies fixes"
533,"""Hail, Sarajevo"" est un documentaire sur quel sujet ?","Le siège de Sarajevo pendant la guerre des Balkans"
534,"Dans ""Ted 2"", quel est l’animal principal transformé en personnage ?","Ours en peluche"
535,"Dans ""Paprika"", quel est le thème principal ?","La fusion entre les rêves et la réalité"
536,"Dans ""Paths of Glory"", quelle guerre est représentée ?","Première Guerre mondiale"
537,"""Princess Mononoke"" est un film d’animation de quel studio ?","Studio Ghibli"
538,"Quel genre est ""Mission: Impossible – Fallout"" ?","Film d’action/espionnage"
539,"Quel réalisateur est célèbre pour ""City Lights"" ?","Charlie Chaplin"
540,"Dans ""Aguirre, the Wrath of God"", quelle quête est au centre du film ?","Recherche de l’Eldorado"
541,"""Les Demoiselles de Rocherfort"" est quel type de film ?","Comédie musicale française"
542,"Dans ""The Shining"", où se déroule l’histoire principale ?","Dans un hôtel isolé"
543,"Dans ""Rear Window"", quel est le handicap principal du héros ?","Il est confiné dans un fauteuil roulant (jambe cassée)"
544,"Dans ""Howl's Moving Castle"", quel type de créature est Howl ?","Un magicien"
545,"Qui est le réalisateur de ""Vertigo"" ?","Alfred Hitchcock"
546,"""A bout de souffle"" est un film emblématique de quel mouvement ?","Nouvelle Vague française"
547,"Quel type d’animation utilise ""Coraline"" ?","Stop-motion"
548,"Dans ""Halloween"", qui est le tueur masqué ?","Michael Myers"
549,"""Isle of Dogs"" est un film d’animation de quel réalisateur ?","Wes Anderson"
550,"""Casino"" se déroule principalement dans quelle ville ?","Las Vegas"
551,"""A Clockwork Orange"" est une adaptation d'un celebre roman, Qui l'a écrit ?","Anthony Burgess"
552,"""Portrait of a Lady on Fire"" se déroule dans quel pays ?","France"
553,"""Nosferatu"" est un film de quel genre ?","Film d’horreur expressionniste (expressionisme allemand)"
554,"""Ran"" est un film inspiré de quelle œuvre classique ?","Le Roi Lear de Shakespeare"
555,"Dans ""Princess Mononoke"", quel est le conflit principal ?","La nature contre l'industrialisation"
556,"Dans ""The Young Girls of Rochefort"", que cherchent les deux sœurs ?","L'amour"
557,"Quel est le méchant principal dans ""Mission: Impossible – Fallout"" ?","Solomon Lane"
558,"""Phantom of the Paradise"" mêle musique et horreur, qui est le personnage fantôme ?","Winslow Leach"
559,"Dans ""Carlito's Way"", quel dilemme affronte Carlito ?","Quitter la vie criminelle ou y retourner"
560,"Dans ""Rear Window"", que suspecte le personnage principal ?","Un meurtre dans l'immeuble voisin"
561,"Où se déroule la mission d'Aguirre dans ""Aguirre, the Wrath of God"" ?","Dans la jungle amazonienne"
562,"Quel est le mot de passe secret donné au Dr William Harford dans ""Eyes Wide Shut"" de Kubrick ?","Fidelio"
563,"Quel est le nom du jeune hobbit qui hérite de l'Anneau Unique ?","Frodon Sacquet"
564,"Quel réalisateur français est derrière le film ""Contempt"" (""Le Mépris"") ?","Jean-Luc Godard"
565,"Quel réseau social est au cœur de ""The Social Network"" ?","Facebook"
566,"Quel type de film est ""Un Chien Andalou"" ?","Court-métrage surréaliste"
567,"Quelle créature hante les rêves dans ""A Nightmare on Elm Street"" ?","Freddy Krueger"
568,"Qui est le réalisateur du film d’animation Azur et Asmar ?","Michel Ocelot"
569,"Qui est l’auteur du roman dont est tiré le film Le Comte de Monte Cristo ?","Alexandre Dumas"
570,"Quel réalisateur a créé un film psychédélique mêlant drogue, sexe et traumas, et se déroulant à Tokyo ?","Gaspar Noé"
571,"Quel est la célèbre locution latine qui inspire le professeur Keating et ses élèves dans Dead Poets Society ?","Carpe Diem"
572,"En quelle créature se transforme Luca, dans le film du même nom, dès qu’il entre dans l’eau ?","Un monstre marin"
573,"Quel film de John Woo était indisponible en occident depuis 20 ans a fait son retour en salle en 2025 ?","Hard Boiled (À toute épreuve)"
574,"Quel acteur joue le personnage de John Keating, professeur de littérature dévoué  ?","Robin Williams"
575,"Dans ce film se déroulant dans un restaurant gastronomique extrême, quel plat permet à Margot de se sauver ?","Un cheeseburger"
576,"Dans Perfect Days, à quel jeu joue l'agent d'entretien après avoir fini de nettoyer les toilettes ?","Tic Tac Toe ou morpion"
577,"Dans quel film le personnage prononce-t-il la réplique culte : « I will look for you, I will find you, and I will kill you » (Je te chercherai, je te retrouverai et je te tuerai) ?","Taken"
579,"De quoi est accusé le Dr Oppenheimer?","D’être communiste ou lié au PC"
582,"Dans ""Vingt Dieux"" quel est le but du concours?","Faire le meilleur comté"
583,"Comment s'appelle l'outil qui permet de voyager dans les rêves dans ""Paprika"" ?","le dc mini"
584,"Contre qui se bat Evelyn Wang (Michelle Yeoh) dans ""Everything Everywhere All at Once"" ?","Sa fille / Jobu Tupaki / Joy Wang"
585,"Où se passe Midsommar ?","En Suède"
586,"Combien y'a t'il de membre dans la famille Thrombey dans ""Knives out ?","10"
587,"Quel est le nom du pape à la fin de ""Conclave"" ?","Benitez"
588,"Dans quel film de propagande américaine Tom Hanks court vite ?","Forrest Gump"
589,"Quel est le vrai nom de Mclovin dans ""Superbad"" ?","Fogell"
590,"Dans quelle ville se passe ""Lost in Translation"" ?","Tokyo"
591,"Dans ""12 angry men"" quel est le numéro de jurée d'Henry Fonda ?","8"
592,"De quelle nationalité est Tony Montana dans ""Scarface"" ?","Cubain"
593,"Quelle est la révolution cinématographique auquel les personnages doivent s'adapter dans ""Babylon"" ?","L'arrivée du son dans les films"
594,"Combien d'acteurs ont joué Bob Dylan dans ""I'm not there"" ?","6"
595,"Quel est le nom des trois membres du groupe dans ""Kpop Demon Hunters"" ?","Rumi, Mira, Zoey"
596,"Quel est le métier de Vincent Hanna (Al Pacino) dans ""Heat"" ?","détective"
597,"Dans ""pas très normal activité"" par quoi la maison est-elle hantée ?","des cochons"
598,"Dans quel film apparaît le Pours ?","Les vacances de Ducobu"
599,"Dans ""Les Seigneurs"" quelle équipe les héros doivent affronter en 32ème de finale de coupe de france ?","L'Olympique de Marseille"
600,"Dans ""RRRrrrr!!!"" la majorité des personnages ont le même nom, quel est ce nom ?","Pierre"
601,"Dans quel Pays se passe les évènements de ""Babysitting 2"" ?","Brésil"
602,"Qui est l'antagoniste du film ""Minecraft"" ?","Malgosha"
603,"Où se passe les évènements du film ""Warfare (2025)"" ?","en Irak"
604,"Quel est le nom de la parodie de ""Die Hard"" réalisé par Charles Nemes avec Eric Judor et Ramzy Bedia ?","La tour Montparnasse infernale"
605,"Est-ce que Frank Gastambide a déjà réalisé un film dans lequel il n'y a pas de nain ?","non"
606,"Dans ""25th Hour"" pourquoi Monty Brogan doit aller en prison ?","Vente de drogue"
607,"Dans ""The Rocky Horror Picture Show"" quel est le nom du personnage parodiant Frankenstein joué par Tim Curry ?","Frank-N-Furter"
608,"Combien y'a t'il de film dans la saga Mission Impossible ?","8"
609,"Le Film ""The life of Chuck est tiré d'un livre, qui est l'auteur de ce livre ?","Stephen King"
610,"De quel film d'horreur culte ""Doctor Sleep"" est la suite ?","The Shining"
611,"Quel est le rêve de Slimane dans La Graine et le Mulet ?","Ouvrir un restaurant de couscous au poisson"
612,"Qui a réalisé La Vie d'Adèle ?","Abdellatif Kechiche"
613,"Quel est l’obsession du personnage principal dans Deerskin ?","Il devient obsédé par sa veste en cuir de cerf"
614,"Comment est racontée l’histoire dans Irreversible ?","De manière non linéaire, en remontant le temps"
615,"Quel est le métier de Neil McCauley dans Heat ?","Un voleur professionnel"
616,"Quel est le thème principal de Nobody Knows ?","L'abandon et la survie d'enfants laissés seuls par leur mère"
617,"Quel événement déclenche la fuite de Thelma et Louise ?","Un incident de violence (viol) avec un homme dans un bar"
618,"Quel est le rôle de Travis Bickle dans Taxi Driver ?","Chauffeur de taxi solitaire à New York"
619,"Quel est le principe du ""dîner de cons"" dans le film ?","Inviter des personnes naïves pour se moquer d'elles"
620,"Ou se trouve Ripley dans Alien 3 ?","Dans une station pénitentiaire"
621,"Quel est le rôle du personnage de Charles Bronson dans Once Upon a Time in the West ?","Un homme mystérieux en quête de vengeance"
622,"Quel est le thème central de Once Upon a Time in America ?","L’histoire d’amitié et de trahison dans le milieu de la mafia"
623,"Quel est le sujet principal de Lessons of Darkness ?","La guerre du Golfe et la destruction des puits de pétrole en Irak"
624,"Quel est le thème de Still Walking ?","La famille et la mémoire à travers une réunion de famille"
625,"Quel est l’objectif de la famille Hoover dans Little Miss Sunshine ?","Amener leur fille Olive à un concours de beauté"
626,"Qui est le principal ennemi dans Nosferatu (Murnau) ?","Le comte Orlok"
627,"Quel est le principal objet utilisé par Dom Cobb pour distinguer la réalité des rêves dans Inception ?","Un toupie"
628,"Quel est le principe du Fight Club ?","Un club secret où des hommes se battent pour libérer leurs frustrations"
629,"Quel est le secret de l’île dans Shutter Island ?","L'île abrite un hôpital psychiatrique où se déroule une enquête mystérieuse"
630,"Quel est le nom du méchant dans The Dark Knight ?","Le Joker"
631,"Quel est le nom du personnage principal dans Goodfellas ?","Henry Hill"
632,"Quel est le rêve de Andrew dans Whiplash ?","Devenir un grand batteur de jazz"
633,"Quel est le nom du personnage principal dans A Clockwork Orange ?","Alex (DeLarge)"
634,"Comment Lenny tente-t-il de résoudre son enquête dans Memento ?","En utilisant des notes et des tatouages pour se souvenir de chaque détail"
635,"Quel est le surnom du personnage principal dans The Matrix ?","Neo"
636,"Quel est le nom du personnage joué  par Brad Pitt dans ""Fight Club"" ?","Tyler Durden"
637,"Quel est le nom de Famille de Jack dans ""L'étrange noël de monsieur Jack / The nightmare before Christmas"" ?","Jack Skellington"
638,"Dans ""Melancholia"", quel est le nom de la planète qui menace de rentrer en collision avec la terre ?","Melancholia"
639,"Quel est le principal thème de Le Tombeau des lucioles ?","La survie et la tragédie d'un frère et d'une sœur pendant la Seconde Guerre mondiale"
640,"Qui a réalisé le tout premier film Frankenstein?","James Whale"
